,Type,Percent Antisemitic,Accuracy,Precision,Recall,F1,WF1,n,wn
0,Overall,N/A,N/A,N/A,N/A,N/A,N/A,N/A,N/A
1,Assault,0.9896907216494846,0.9581950895819509,0.3203125,0.845360824742268,0.46458923512747874,0.46458923512747874,0.021455430214554302,97
2,Harassment,0.8433650123196058,0.7261667772616678,0.9112365315546435,0.6251319957761352,0.741544885177453,0.741544885177453,0.6284007962840079,2841
3,Vandalism,0.9797852179406191,0.6883432868834328,0.5290969899665552,0.9993682880606444,0.6918871637874481,0.6918871637874481,0.3501437735014377,1583
4,Type Mean,0.9376136506365698,0.7909017179090171,0.586882007173733,0.8232870361930158,0.6326737613641266,0.7182153406042998,N/A,1507.0
