,Type,Percent Antisemitic,Accuracy,Precision,Recall,F1,WF1,n,wn
0,Overall,N/A,N/A,N/A,N/A,N/A,N/A,N/A,N/A
1,Assault,1.0,0.738995797389958,0.07057890563045202,0.9175257731958762,0.13107511045655376,0.13107511045655376,0.021455430214554302,97
2,Harassment,0.928194297782471,0.772174297721743,0.9249178789300798,0.6937697993664202,0.7928399034593725,0.7928399034593725,0.6284007962840079,2841
3,Vandalism,0.9943145925457991,0.7370050873700509,0.5717407137654771,0.9917877447883765,0.7253407253407254,0.7253407253407254,0.3501437735014377,1583
4,Type Mean,0.9741696301094235,0.7493917274939174,0.522412499442003,0.8676944391168909,0.5497519130855505,0.7550070381899427,N/A,1507.0
