,Type,Percent Antisemitic,Accuracy,Precision,Recall,F1,WF1,n,wn
0,Overall,0.9838531298385313,N/A,N/A,N/A,N/A,N/A,N/A,N/A
1,Assault,0.9896907216494846,0.8022561380225613,0.09625126646403243,0.979381443298969,0.1752767527675277,0.1752767527675277,0.021455430214554302,97
2,Harassment,0.9760647659274904,0.7374474673744746,0.7449644549763034,0.8852516719464977,0.8090718996300467,0.8090718996300467,0.6284007962840079,2841
3,Vandalism,0.9974731522425774,0.6704268967042689,0.51543312313309,0.9810486418193304,0.675805047867711,0.675805047867711,0.3501437735014377,1583
4,Type Mean,0.9877428799398508,0.7367101673671016,0.45221628152447524,0.9485605856882656,0.5533845667550952,0.7488109937274937,N/A,1507.0
