,Type,Percent Antisemitic,Accuracy,Precision,Recall,F1,WF1,n,wn
0,Overall,0.984516699845167,N/A,N/A,N/A,N/A,N/A,N/A,N/A
1,Assault,1.0,0.9422694094226941,0.268361581920904,0.979381443298969,0.4212860310421286,0.4212860310421286,0.021455430214554302,97
2,Harassment,0.9771207321365716,0.6786109267861092,0.724015493867011,0.789510735656459,0.7553460178481226,0.7553460178481226,0.6284007962840079,2841
3,Vandalism,0.9968414403032217,0.6056182260561822,0.4702558001189768,0.9987365761212887,0.6394337714863498,0.6394337714863498,0.3501437735014377,1583
4,Type Mean,0.9913207241465978,0.7421661874216618,0.4875442919689639,0.9225429183589057,0.605355273458867,0.7075926657775923,N/A,1507.0
