{"krippendorff_alpha": {"binary": 0.8171295697695707, "categories": 0.6971171187794226, "class_SUPPRESSION OF SPEECH/MOVEMENT/ASSEMBLY": 0.8883888888888889, "class_CALLS FOR BDS": 0.8550915316137868, "class_BDS EVENT": 0.6615106570730382, "class_BDS VOTE": 0.754, "class_DENIGRATION": 0.8851705896101961, "class_DENYING JEWS SELF-DETERMINATION": 0.9026362706090229, "class_CONDONING TERRORISM": 0.9483855387018539, "class_HISTORICAL": 0.7337682498334039, "class_BULLYING": 0.9209887594997397, "class_DESTRUCTION OF JEWISH PROPERTY": 0.9160573267037145, "class_PHYSICAL ASSAULT": 1.0, "class_GENOCIDAL EXPRESSION": 0.933288320198353, "class_DEMONIZATION": 0.8904187314420994, "class_DISCRIMINATION": 0.8693231341633169}, "percent_agreement": {"binary": 0.818407960199005, "categories": 0.7835820895522388, "class_SUPPRESSION OF SPEECH/MOVEMENT/ASSEMBLY": 0.9875621890547264, "class_CALLS FOR BDS": 0.9203980099502488, "class_BDS EVENT": 0.8557213930348259, "class_BDS VOTE": 0.9751243781094527, "class_DENIGRATION": 0.8880597014925373, "class_DENYING JEWS SELF-DETERMINATION": 0.9402985074626866, "class_CONDONING TERRORISM": 0.9900497512437811, "class_HISTORICAL": 0.9651741293532339, "class_BULLYING": 0.9776119402985075, "class_DESTRUCTION OF JEWISH PROPERTY": 0.9751243781094527, "class_PHYSICAL ASSAULT": 1.0, "class_GENOCIDAL EXPRESSION": 0.9925373134328358, "class_DEMONIZATION": 0.9129353233830846, "class_DISCRIMINATION": 0.9900497512437811}, "fleiss_kappa": {"binary": 0.8170385441696549, "categories": 0.8400666334278183, "class_SUPPRESSION OF SPEECH/MOVEMENT/ASSEMBLY": 0.8883333333333323, "class_CALLS FOR BDS": 0.855019401963022, "class_BDS EVENT": 0.6613421705907448, "class_BDS VOTE": 0.7538775510204073, "class_DENIGRATION": 0.8851134321137354, "class_DENYING JEWS SELF-DETERMINATION": 0.9025878068313268, "class_CONDONING TERRORISM": 0.9483598470834878, "class_HISTORICAL": 0.7336357302962385, "class_BULLYING": 0.9209494308583761, "class_DESTRUCTION OF JEWISH PROPERTY": 0.9160155433919692, "class_PHYSICAL ASSAULT": 1.0, "class_GENOCIDAL EXPRESSION": 0.9332551137873037, "class_DEMONIZATION": 0.8903641862611349, "class_DISCRIMINATION": 0.8692580884361717}}