{"krippendorff_alpha": {"binary": "N/A", "categories": 0.9608435225499918, "class_SUPPRESSION OF SPEECH/MOVEMENT/ASSEMBLY": 0.9324978160069888, "class_CALLS FOR BDS": 0.9299516463274234, "class_BDS EVENT": 0.9272639216542276, "class_BDS VOTE": 0.8995766508118999, "class_DENIGRATION": 0.926762360446571, "class_DENYING JEWS SELF-DETERMINATION": 0.9309879898835057, "class_CONDONING TERRORISM": 0.9365268931351733, "class_HISTORICAL": 0.7892539442766029, "class_BULLYING": 0.9181933743130701, "class_DESTRUCTION OF JEWISH PROPERTY": 0.9440145379450339, "class_PHYSICAL ASSAULT": 0.9026345378411911, "class_GENOCIDAL EXPRESSION": 0.8690117198324341, "class_DEMONIZATION": 0.9329575791855204, "class_DISCRIMINATION": 0.962631946059056}, "percent_agreement": {"binary": "N/A", "categories": 0.9402985074626866, "class_SUPPRESSION OF SPEECH/MOVEMENT/ASSEMBLY": 0.9900497512437811, "class_CALLS FOR BDS": 0.9502487562189055, "class_BDS EVENT": 0.9328358208955224, "class_BDS VOTE": 0.9751243781094527, "class_DENIGRATION": 0.9253731343283582, "class_DENYING JEWS SELF-DETERMINATION": 0.9477611940298507, "class_CONDONING TERRORISM": 0.9850746268656716, "class_HISTORICAL": 0.9900497512437811, "class_BULLYING": 0.9751243781094527, "class_DESTRUCTION OF JEWISH PROPERTY": 0.9800995024875622, "class_PHYSICAL ASSAULT": 0.9950248756218906, "class_GENOCIDAL EXPRESSION": 0.9925373134328358, "class_DEMONIZATION": 0.9402985074626866, "class_DISCRIMINATION": 0.9950248756218906}, "fleiss_kappa": {"binary": "N/A", "categories": 0.9480154936243544, "class_SUPPRESSION OF SPEECH/MOVEMENT/ASSEMBLY": 0.9324642161145101, "class_CALLS FOR BDS": 0.9299167790533205, "class_BDS EVENT": 0.9272277165380771, "class_BDS VOTE": 0.8995266640776103, "class_DENIGRATION": 0.9267259056732741, "class_DENYING JEWS SELF-DETERMINATION": 0.9309536384598539, "class_CONDONING TERRORISM": 0.936495298756445, "class_HISTORICAL": 0.7891490433031221, "class_BULLYING": 0.9181526542405527, "class_DESTRUCTION OF JEWISH PROPERTY": 0.9439866706169822, "class_PHYSICAL ASSAULT": 0.9025860732009912, "class_GENOCIDAL EXPRESSION": 0.8689465190956658, "class_DEMONIZATION": 0.9329242081447967, "class_DISCRIMINATION": 0.9626133457335493}}