{"krippendorff_alpha": {"binary": "N/A", "categories": 0.9754945140157684, "class_SUPPRESSION OF SPEECH/MOVEMENT/ASSEMBLY": 0.9560369136118944, "class_CALLS FOR BDS": 0.952422238267148, "class_BDS EVENT": 0.9636180992313068, "class_BDS VOTE": 0.9884956106946727, "class_DENIGRATION": 0.9526035241006909, "class_DENYING JEWS SELF-DETERMINATION": 0.9337598238803144, "class_CONDONING TERRORISM": 0.9900457824639289, "class_HISTORICAL": 0.9864785346858325, "class_BULLYING": 0.9527524544179523, "class_DESTRUCTION OF JEWISH PROPERTY": 0.9622389069633923, "class_PHYSICAL ASSAULT": 1.0, "class_GENOCIDAL EXPRESSION": 0.9889975443000817, "class_DEMONIZATION": 0.91878234152652, "class_DISCRIMINATION": 0.9102911407477972}, "percent_agreement": {"binary": "N/A", "categories": 0.9477611940298507, "class_SUPPRESSION OF SPEECH/MOVEMENT/ASSEMBLY": 0.9925373134328358, "class_CALLS FOR BDS": 0.9601990049751243, "class_BDS EVENT": 0.9601990049751243, "class_BDS VOTE": 0.9975124378109452, "class_DENIGRATION": 0.9626865671641791, "class_DENYING JEWS SELF-DETERMINATION": 0.9601990049751243, "class_CONDONING TERRORISM": 0.9975124378109452, "class_HISTORICAL": 0.9925373134328358, "class_BULLYING": 0.9875621890547264, "class_DESTRUCTION OF JEWISH PROPERTY": 0.9875621890547264, "class_PHYSICAL ASSAULT": 1.0, "class_GENOCIDAL EXPRESSION": 0.9950248756218906, "class_DEMONIZATION": 0.9402985074626866, "class_DISCRIMINATION": 0.9925373134328358}, "fleiss_kappa": {"binary": "N/A", "categories": 0.9576912966155845, "class_SUPPRESSION OF SPEECH/MOVEMENT/ASSEMBLY": 0.9560150305425137, "class_CALLS FOR BDS": 0.9523985559566787, "class_BDS EVENT": 0.9635999897734829, "class_BDS VOTE": 0.9884898842689361, "class_DENIGRATION": 0.9525799320270726, "class_DENYING JEWS SELF-DETERMINATION": 0.9337268521649739, "class_CONDONING TERRORISM": 0.9900408276518157, "class_HISTORICAL": 0.9864718042401811, "class_BULLYING": 0.9527289364758998, "class_DESTRUCTION OF JEWISH PROPERTY": 0.9622201109987145, "class_PHYSICAL ASSAULT": 1.0, "class_GENOCIDAL EXPRESSION": 0.9889920677168561, "class_DEMONIZATION": 0.91874191461837, "class_DISCRIMINATION": 0.9102464872588666}}