{"krippendorff_alpha": {"binary": 0.7531023065398781, "categories": 0.7121160834759375, "class_SUPPRESSION OF SPEECH/MOVEMENT/ASSEMBLY": 0.9343316214979407, "class_CALLS FOR BDS": 0.8317343791556523, "class_BDS EVENT": 0.7987022767276492, "class_BDS VOTE": 0.8383274634552753, "class_DENIGRATION": 0.8580927752266292, "class_DENYING JEWS SELF-DETERMINATION": 0.8913303693570451, "class_CONDONING TERRORISM": 0.9154845440624632, "class_HISTORICAL": 0.9901825488820127, "class_BULLYING": 0.9594600048430059, "class_DESTRUCTION OF JEWISH PROPERTY": 0.869042962962963, "class_PHYSICAL ASSAULT": 1.0, "class_GENOCIDAL EXPRESSION": 0.9766885431557841, "class_DEMONIZATION": 0.8700792313931001, "class_DISCRIMINATION": 0.9125746314122091}, "percent_agreement": {"binary": 0.8009950248756219, "categories": 0.7388059701492538, "class_SUPPRESSION OF SPEECH/MOVEMENT/ASSEMBLY": 0.9900497512437811, "class_CALLS FOR BDS": 0.8805970149253731, "class_BDS EVENT": 0.835820895522388, "class_BDS VOTE": 0.9850746268656716, "class_DENIGRATION": 0.9079601990049752, "class_DENYING JEWS SELF-DETERMINATION": 0.9378109452736318, "class_CONDONING TERRORISM": 0.9850746268656716, "class_HISTORICAL": 0.9950248756218906, "class_BULLYING": 0.9925373134328358, "class_DESTRUCTION OF JEWISH PROPERTY": 0.9676616915422885, "class_PHYSICAL ASSAULT": 1.0, "class_GENOCIDAL EXPRESSION": 0.9900497512437811, "class_DEMONIZATION": 0.9129353233830846, "class_DISCRIMINATION": 0.9950248756218906}, "fleiss_kappa": {"binary": 0.7529794107243183, "categories": 0.826694257630626, "class_SUPPRESSION OF SPEECH/MOVEMENT/ASSEMBLY": 0.9342989344006278, "class_CALLS FOR BDS": 0.8316506232468202, "class_BDS EVENT": 0.798602078756881, "class_BDS VOTE": 0.8382469893206096, "class_DENIGRATION": 0.8580221394751245, "class_DENYING JEWS SELF-DETERMINATION": 0.8912762779530419, "class_CONDONING TERRORISM": 0.9154424756423845, "class_HISTORICAL": 0.9901776621467622, "class_BULLYING": 0.9594398256517879, "class_DESTRUCTION OF JEWISH PROPERTY": 0.8689777777777777, "class_PHYSICAL ASSAULT": 1.0, "class_GENOCIDAL EXPRESSION": 0.9766769396431688, "class_DEMONIZATION": 0.8700145620209712, "class_DISCRIMINATION": 0.9125311145537764}}