,Type,Percent Antisemitic,Accuracy,Precision,Recall,F1,WF1,n,wn
0,Overall,0.9077637690776377,N/A,N/A,N/A,N/A,N/A,N/A,N/A
1,Assault,0.9896907216494846,0.9949126299491263,0.8425925925925926,0.9381443298969072,0.8878048780487805,0.8878048780487805,0.021455430214554302,97
2,Harassment,0.8824357620556142,0.745631497456315,0.7668034080151467,0.8553326293558606,0.8086522462562395,0.8086522462562395,0.6284007962840079,2841
3,Vandalism,0.9481996209728364,0.8338863083388631,0.8823529411764706,0.6064434617814277,0.7188318981654811,0.7188318981654811,0.3501437735014377,1583
4,Type Mean,0.9401087015593118,0.8581434785814347,0.8305829805947367,0.7999734736780653,0.8050963408235005,0.7789004644062519,N/A,1507.0
