,Type,Percent Antisemitic,Accuracy,Precision,Recall,F1,WF1,n,wn
0,Overall,N/A,N/A,N/A,N/A,N/A,N/A,N/A,N/A
1,Assault,0.9896907216494846,0.9920371599203716,0.732824427480916,0.9896907216494846,0.8421052631578947,0.8421052631578947,0.021455430214554302,97
2,Harassment,0.8468848996832101,0.7270515372705154,0.773206392383543,0.8004223864836325,0.786579038395019,0.786579038395019,0.6284007962840079,2841
3,Vandalism,0.9993682880606444,0.8524662685246627,0.8640699523052464,0.6866708780795957,0.7652235128475888,0.7652235128475888,0.3501437735014377,1583
4,Type Mean,0.9453146364644464,0.8571849885718499,0.7900335907232351,0.8255946620709042,0.797969271466834,0.780292873135213,N/A,1507.0
